class_name,crop,disease,pathogen_type,pathogen,chemical_treatment,organic_treatment,fertilizer_recommendation,prevention
"Apple___Apple_scab","Apple","Apple scab","Fungal","Venturia inaequalis","Protectant sprays of captan or mancozeb from green tip; myclobutanil from green tip to petal fall","Sulfur or lime-sulfur sprays at 7-10 day intervals during wet periods","Balanced NPK per soil test; avoid excess nitrogen. In autumn spray 5% urea on fallen leaves to speed their decomposition","Rake and destroy fallen leaves; prune for airflow; plant scab-resistant varieties"
"Apple___Black_rot","Apple","Black rot","Fungal","Botryosphaeria obtusa","Captan or thiophanate-methyl from bloom through summer","Copper-based fungicide at dormancy; remove mummified fruit and cankers","Balanced NPK with adequate potassium to support wood and fruit health","Prune out dead wood and cankers; remove mummified fruit; clean orchard floor"
"Apple___Cedar_apple_rust","Apple","Cedar apple rust","Fungal","Gymnosporangium juniperi-virginianae","Myclobutanil or mancozeb from pink bud through early summer","Sulfur sprays during spring infection period","Balanced NPK; maintain adequate potassium and calcium","Remove nearby juniper/red cedar hosts; plant rust-resistant varieties"
"Apple___healthy","Apple","Healthy","None","None","No treatment required","No treatment required","Balanced NPK (e.g. 10-10-10) in early spring based on soil test; calcium sprays for fruit quality","Continue routine monitoring, pruning and orchard sanitation"
"Blueberry___healthy","Blueberry","Healthy","None","None","No treatment required","No treatment required","Acid-forming fertilizer such as ammonium sulfate; keep soil pH 4.5-5.5","Mulch with pine bark or sawdust; maintain consistent moisture"
"Cherry_(including_sour)___Powdery_mildew","Cherry","Powdery mildew","Fungal","Podosphaera clandestina","Myclobutanil or trifloxystrobin at first sign of disease","Sulfur or potassium bicarbonate sprays; neem oil","Avoid excess nitrogen which promotes susceptible soft growth; balanced potassium","Prune for airflow; avoid overhead irrigation; remove root suckers"
"Cherry_(including_sour)___healthy","Cherry","Healthy","None","None","No treatment required","No treatment required","Balanced NPK per soil test; avoid excess nitrogen","Continue routine monitoring and pruning"
"Corn_(maize)___Cercospora_leaf_spot Gray_leaf_spot","Corn (maize)","Cercospora leaf spot / Gray leaf spot","Fungal","Cercospora zeae-maydis","Strobilurin (azoxystrobin, pyraclostrobin) or triazole (propiconazole) fungicide at tasseling to silking","No effective organic cure; rely on crop rotation and residue management","Adequate potassium (muriate of potash) per soil test; balanced nitrogen","Rotate away from corn for 1-2 years; till infected residue; plant resistant hybrids"
"Corn_(maize)___Common_rust_","Corn (maize)","Common rust","Fungal","Puccinia sorghi","Azoxystrobin, propiconazole or mancozeb if infection is severe before tasseling","Plant resistant hybrids; sulfur sprays give limited control","Balanced NPK; adequate potassium improves tolerance","Plant resistant hybrids; early planting to escape peak rust periods"
"Corn_(maize)___Northern_Leaf_Blight","Corn (maize)","Northern leaf blight","Fungal","Exserohilum turcicum","Propiconazole, azoxystrobin or pyraclostrobin at tasseling","Crop rotation and residue burial; no effective organic spray","Balanced nitrogen and potassium; avoid nutrient stress","Rotate crops; manage residue; plant resistant hybrids"
"Corn_(maize)___healthy","Corn (maize)","Healthy","None","None","No treatment required","No treatment required","Split nitrogen application (urea at sowing and knee-high stage); phosphorus and potassium per soil test","Continue routine scouting"
"Grape___Black_rot","Grape","Black rot","Fungal","Guignardia bidwellii","Mancozeb, myclobutanil or captan from bud break to veraison","Copper sprays (limited efficacy) combined with strict sanitation","Balanced NPK; avoid excess nitrogen","Remove mummified berries and infected canes; prune for airflow"
"Grape___Esca_(Black_Measles)","Grape","Esca (Black measles)","Fungal (trunk disease complex)","Phaeomoniella chlamydospora / Phaeoacremonium spp.","No curative fungicide; protect pruning wounds with a registered wound-protectant fungicide","Remove and burn infected wood; Trichoderma-based pruning wound protectants","Balanced nutrition; avoid water and nutrient stress","Prune in dry weather; disinfect pruning tools; remove dead vines"
"Grape___Leaf_blight_(Isariopsis_Leaf_Spot)","Grape","Leaf blight (Isariopsis leaf spot)","Fungal","Pseudocercospora vitis","Mancozeb or copper oxychloride sprays","Copper-based sprays; remove infected leaves","Balanced NPK with adequate potassium","Remove fallen infected leaves; improve canopy airflow"
"Grape___healthy","Grape","Healthy","None","None","No treatment required","No treatment required","Balanced NPK; potassium and magnesium based on soil or petiole test","Continue routine canopy management and monitoring"
"Orange___Haunglongbing_(Citrus_greening)","Orange","Huanglongbing (Citrus greening)","Bacterial","Candidatus Liberibacter asiaticus (spread by Asian citrus psyllid)","No cure. Control psyllid vector with approved systemic insecticides (e.g. imidacloprid)","Neem oil or horticultural oil for psyllid control; remove and destroy infected trees","Enhanced nutrition with foliar micronutrients (zinc, manganese, iron) to maintain tree vigor","Use certified disease-free nursery stock; remove infected trees; monitor psyllids"
"Peach___Bacterial_spot","Peach","Bacterial spot","Bacterial","Xanthomonas arboricola pv. pruni","Copper sprays at leaf fall and dormancy; oxytetracycline during the season","Fixed copper at low rates","Balanced NPK; avoid excess nitrogen","Plant resistant varieties; use windbreaks; avoid overhead irrigation"
"Peach___healthy","Peach","Healthy","None","None","No treatment required","No treatment required","Balanced NPK per soil test in early spring","Continue routine monitoring and pruning"
"Pepper,_bell___Bacterial_spot","Pepper (bell)","Bacterial spot","Bacterial","Xanthomonas spp.","Copper hydroxide combined with mancozeb","Copper sprays; remove infected plants","Adequate calcium and potassium; avoid excess nitrogen","Use certified disease-free seed; rotate 2-3 years; avoid overhead irrigation"
"Pepper,_bell___healthy","Pepper (bell)","Healthy","None","None","No treatment required","No treatment required","Balanced NPK with calcium to prevent blossom-end rot","Continue routine monitoring"
"Potato___Early_blight","Potato","Early blight","Fungal","Alternaria solani","Chlorothalonil or mancozeb; azoxystrobin for heavy pressure","Copper-based fungicide","Adequate nitrogen and potassium; nutrient-stressed plants are more susceptible","Rotate crops; remove plant debris; avoid overhead irrigation"
"Potato___Late_blight","Potato","Late blight","Oomycete","Phytophthora infestans","Protectant mancozeb or chlorothalonil; metalaxyl-M + mancozeb or cymoxanil on outbreak","Copper-based fungicide; destroy infected plants immediately","Balanced NPK; avoid excess nitrogen; adequate potassium","Use certified seed tubers; hill soil over tubers; destroy cull piles and volunteers"
"Potato___healthy","Potato","Healthy","None","None","No treatment required","No treatment required","NPK per soil test with split nitrogen application","Continue routine scouting, especially in cool wet weather"
"Raspberry___healthy","Raspberry","Healthy","None","None","No treatment required","No treatment required","Balanced NPK in early spring; well-rotted compost","Remove old fruiting canes after harvest"
"Soybean___healthy","Soybean","Healthy","None","None","No treatment required","No treatment required","Phosphorus and potassium per soil test; nitrogen supplied by Rhizobium seed inoculant","Continue routine scouting"
"Squash___Powdery_mildew","Squash","Powdery mildew","Fungal","Podosphaera xanthii","Myclobutanil or trifloxystrobin at first sign of disease","Sulfur, potassium bicarbonate or neem oil sprays","Avoid excess nitrogen; balanced potassium","Plant resistant varieties; space plants for airflow"
"Strawberry___Leaf_scorch","Strawberry","Leaf scorch","Fungal","Diplocarpon earlianum","Captan or myclobutanil","Copper-based fungicide; remove infected leaves","Balanced NPK; avoid excess nitrogen","Renovate beds after harvest; use drip irrigation; plant resistant varieties"
"Strawberry___healthy","Strawberry","Healthy","None","None","No treatment required","No treatment required","Balanced NPK; light nitrogen after renovation","Continue routine monitoring"
"Tomato___Bacterial_spot","Tomato","Bacterial spot","Bacterial","Xanthomonas spp.","Copper hydroxide combined with mancozeb","Copper sprays; remove infected plants","Adequate calcium and potassium; avoid excess nitrogen","Use disease-free seed and transplants; rotate crops; avoid overhead irrigation"
"Tomato___Early_blight","Tomato","Early blight","Fungal","Alternaria solani","Chlorothalonil or mancozeb; azoxystrobin for heavy pressure","Copper-based fungicide; remove lower infected leaves","Balanced nitrogen and potassium; avoid nutrient stress","Rotate crops; mulch to prevent soil splash; stake plants"
"Tomato___Late_blight","Tomato","Late blight","Oomycete","Phytophthora infestans","Protectant mancozeb or chlorothalonil; cymoxanil or metalaxyl-M combinations on outbreak","Copper-based fungicide; remove and destroy infected plants","Balanced NPK; avoid excess nitrogen","Avoid overhead irrigation; destroy infected plants and volunteers"
"Tomato___Leaf_Mold","Tomato","Leaf mold","Fungal","Passalora fulva","Chlorothalonil or mancozeb","Copper-based fungicide","Balanced NPK with adequate calcium","Reduce humidity and improve ventilation (especially in greenhouses); resistant varieties"
"Tomato___Septoria_leaf_spot","Tomato","Septoria leaf spot","Fungal","Septoria lycopersici","Chlorothalonil or mancozeb","Copper-based fungicide; remove lower infected leaves","Balanced NPK","Rotate crops; mulch; avoid wetting foliage"
"Tomato___Spider_mites Two-spotted_spider_mite","Tomato","Two-spotted spider mite","Pest (mite)","Tetranychus urticae","Miticide such as abamectin or spiromesifen","Neem oil or insecticidal soap; release predatory mites (Phytoseiulus persimilis)","Avoid excess nitrogen, which favors mite populations","Keep plants well watered; mites thrive in hot dry conditions"
"Tomato___Target_Spot","Tomato","Target spot","Fungal","Corynespora cassiicola","Chlorothalonil or azoxystrobin","Copper-based fungicide","Balanced NPK","Improve airflow; remove crop debris; rotate crops"
"Tomato___Tomato_Yellow_Leaf_Curl_Virus","Tomato","Tomato yellow leaf curl virus","Viral","TYLCV (spread by whitefly Bemisia tabaci)","No cure. Control whitefly vector with imidacloprid or pyriproxyfen","Yellow sticky traps, reflective mulch and neem oil against whiteflies; remove infected plants","Balanced NPK to maintain plant vigor","Plant resistant varieties; use insect-proof nets in nurseries"
"Tomato___Tomato_mosaic_virus","Tomato","Tomato mosaic virus","Viral","Tomato mosaic virus (ToMV)","No chemical cure","Remove and destroy infected plants; disinfect tools and hands","Balanced NPK to maintain plant vigor","Use resistant varieties and certified seed; disinfect tools; avoid handling tobacco near plants"
"Tomato___healthy","Tomato","Healthy","None","None","No treatment required","No treatment required","Balanced NPK with calcium to prevent blossom-end rot","Continue routine monitoring"
