disease,crop,category,fertilizer,treatment,eco_friendly_treatment,chemical_treatment,notes
Apple___Apple_scab,Apple,Fungal,"Fertilize according to a soil test and avoid excess nitrogen. In autumn, a 5% urea spray on fallen leaves speeds their breakdown and reduces overwintering spores.",Rake up and destroy fallen leaves; prune to open the canopy; plant scab-resistant varieties where possible.,Sulfur or lime-sulfur protectant sprays during wet spring periods.,Protectant fungicides such as captan or mancozeb from green tip; myclobutanil from green tip to petal fall.,"Caused by Venturia inaequalis. Infection needs wet leaves in spring, so protectant sprays work best when applied before rain."
Apple___Black_rot,Apple,Fungal,Fertilize according to a soil test; keep potassium adequate and avoid excess nitrogen.,Prune out dead wood and cankers; remove mummified fruit from the tree and the ground; keep the orchard floor clean.,Copper-based spray at dormancy combined with strict sanitation.,Captan or thiophanate-methyl from bloom through summer.,"Caused by Botryosphaeria obtusa, which survives in cankers and mummified fruit."
Apple___Cedar_apple_rust,Apple,Fungal,Fertilize according to a soil test. No specific nutrient controls rust.,Remove nearby juniper / eastern red cedar hosts where practical; plant rust-resistant apple varieties.,Sulfur sprays during the spring infection period.,Myclobutanil or mancozeb from pink bud through early summer.,"Caused by Gymnosporangium juniperi-virginianae, which needs both apple and juniper to complete its life cycle."
Apple___healthy,Apple,Healthy,Apply a balanced fertilizer in early spring based on a soil test.,"No treatment needed. Continue routine monitoring, pruning and orchard sanitation.",Not required.,Not required.,No disease detected.
Blueberry___healthy,Blueberry,Healthy,Use an acid-forming nitrogen fertilizer such as ammonium sulfate; blueberries need acidic soil (about pH 4.5-5.5).,No treatment needed. Mulch with pine bark or sawdust and keep soil evenly moist.,Not required.,Not required.,No disease detected.
Cherry_(including_sour)___Powdery_mildew,Cherry (including sour),Fungal,"Avoid excess nitrogen, which produces soft growth that is more susceptible; otherwise fertilize according to a soil test.",Prune to improve airflow; avoid overhead irrigation; remove root suckers.,"Sulfur, potassium bicarbonate or neem oil sprays at the first sign of disease.",Myclobutanil or trifloxystrobin at the first sign of disease.,"Caused by Podosphaera clandestina. Unlike most leaf diseases, powdery mildew does not need wet leaves to infect."
Cherry_(including_sour)___healthy,Cherry (including sour),Healthy,Fertilize according to a soil test; avoid excess nitrogen.,No treatment needed. Continue routine monitoring and pruning.,Not required.,Not required.,No disease detected.
Corn_(maize)___Cercospora_leaf_spot Gray_leaf_spot,Corn (maize),Fungal,Fertilize according to a soil test with balanced nitrogen and adequate potassium; avoid nutrient stress.,Rotate away from corn for 1-2 years; bury or break down infected residue; plant resistant hybrids.,"No effective organic spray; rely on crop rotation, residue management and resistant hybrids.","Strobilurin (e.g. azoxystrobin, pyraclostrobin) or triazole (e.g. propiconazole) fungicide around tasseling to silking when disease pressure is high.","Caused by Cercospora zeae-maydis; survives in corn residue and is favoured by warm, humid weather."
Corn_(maize)___Common_rust_,Corn (maize),Fungal,Fertilize according to a soil test. No specific nutrient controls rust.,Plant resistant hybrids; early planting can help the crop escape peak rust periods.,No effective organic spray; resistant hybrids are the main control.,"Azoxystrobin, propiconazole or mancozeb, generally only warranted when infection is severe before tasseling.","Caused by Puccinia sorghi. Spores are wind-blown over long distances, so crop rotation has little effect."
Corn_(maize)___Northern_Leaf_Blight,Corn (maize),Fungal,Fertilize according to a soil test with balanced nitrogen and potassium; avoid nutrient stress.,Rotate crops; bury or manage infected residue; plant resistant hybrids.,No effective organic spray; rely on rotation and residue management.,"Propiconazole, azoxystrobin or pyraclostrobin around tasseling when the disease is present.",Caused by Exserohilum turcicum; survives in corn residue.
Corn_(maize)___healthy,Corn (maize),Healthy,"Split the nitrogen application (part at sowing, part around the knee-high stage); apply phosphorus and potassium according to a soil test.",No treatment needed. Continue routine scouting.,Not required.,Not required.,No disease detected.
Grape___Black_rot,Grape,Fungal,"Fertilize according to a soil test; avoid excess nitrogen, which promotes dense, humid canopies.",Remove mummified berries and infected canes; prune and position shoots for airflow.,Copper sprays (limited efficacy) combined with strict sanitation.,"Mancozeb, myclobutanil or captan from bud break to veraison.",Caused by Guignardia bidwellii; overwinters in mummified berries.
Grape___Esca_(Black_Measles),Grape,Fungal,Balanced nutrition; avoid water and nutrient stress.,Remove and destroy infected wood and dead vines; prune in dry weather; disinfect pruning tools.,Trichoderma-based pruning-wound protectants.,No curative fungicide. Protect pruning wounds with a registered wound-protectant product.,"A trunk disease complex (Phaeomoniella chlamydospora, Phaeoacremonium spp.). Leaf symptoms come from wood infection, so leaf sprays do not help."
Grape___Leaf_blight_(Isariopsis_Leaf_Spot),Grape,Fungal,Fertilize according to a soil test with adequate potassium.,Remove fallen infected leaves; improve canopy airflow.,Copper-based sprays; remove infected leaves.,Mancozeb or copper oxychloride sprays.,Caused by Pseudocercospora vitis (Isariopsis clavispora).
Grape___healthy,Grape,Healthy,Balanced fertilizer; adjust potassium and magnesium using soil or petiole tests.,No treatment needed. Continue routine canopy management and monitoring.,Not required.,Not required.,No disease detected.
Orange___Haunglongbing_(Citrus_greening),Orange,Bacterial,"Maintain good nutrition, including micronutrients (zinc, manganese, iron) where deficient. This may help tree vigour but does not cure the disease.",No cure. Remove and destroy infected trees to limit spread; plant certified disease-free nursery stock; monitor for Asian citrus psyllid.,Horticultural oil or neem oil to suppress psyllids.,No cure. Control the Asian citrus psyllid vector with approved insecticides (e.g. imidacloprid).,"Caused by Candidatus Liberibacter asiaticus, spread by the Asian citrus psyllid (Diaphorina citri). It is a regulated disease in many regions; check whether suspected cases must be reported."
Peach___Bacterial_spot,Peach,Bacterial,Fertilize according to a soil test; avoid excess nitrogen.,Plant resistant varieties; use windbreaks; avoid overhead irrigation.,"Fixed copper at low rates (copper can injure peach leaves, so follow label rates).",Copper sprays at leaf fall and dormancy; oxytetracycline during the season where registered.,Caused by Xanthomonas arboricola pv. pruni.
Peach___healthy,Peach,Healthy,Apply a balanced fertilizer in early spring based on a soil test.,No treatment needed. Continue routine monitoring and pruning.,Not required.,Not required.,No disease detected.
"Pepper,_bell___Bacterial_spot","Pepper, bell",Bacterial,Fertilize according to a soil test with adequate calcium and potassium; avoid excess nitrogen.,Remove badly infected plants; use certified disease-free seed and transplants; rotate 2-3 years away from pepper and tomato; avoid overhead irrigation.,Copper sprays.,Copper hydroxide combined with mancozeb.,"Caused by Xanthomonas spp. Copper-resistant strains are common in some areas, which reduces the effect of copper sprays."
"Pepper,_bell___healthy","Pepper, bell",Healthy,Fertilize according to a soil test; adequate calcium and even watering help prevent blossom-end rot.,No treatment needed. Continue routine monitoring.,Not required.,Not required.,No disease detected.
Potato___Early_blight,Potato,Fungal,Keep nitrogen and potassium adequate; nutrient-stressed plants are more susceptible.,Rotate crops; remove plant debris; avoid overhead irrigation.,Copper-based fungicide.,Chlorothalonil or mancozeb; azoxystrobin under heavy disease pressure.,Caused by Alternaria solani.
Potato___Late_blight,Potato,Oomycete,Fertilize according to a soil test; avoid excess nitrogen and keep potassium adequate.,Destroy infected plants immediately; use certified seed tubers; hill soil over tubers; destroy cull piles and volunteer plants.,Copper-based fungicide as a protectant.,"Protectant mancozeb or chlorothalonil; on an outbreak, products such as metalaxyl-M + mancozeb or cymoxanil.","Caused by Phytophthora infestans, which can spread rapidly through a field in cool, wet weather."
Potato___healthy,Potato,Healthy,Fertilize according to a soil test with split nitrogen application.,"No treatment needed. Keep scouting, especially in cool, wet weather when late blight risk is high.",Not required.,Not required.,No disease detected.
Raspberry___healthy,Raspberry,Healthy,Balanced fertilizer in early spring; well-rotted compost.,No treatment needed. Remove old fruiting canes after harvest.,Not required.,Not required.,No disease detected.
Soybean___healthy,Soybean,Healthy,Phosphorus and potassium according to a soil test. Nitrogen is normally supplied by Rhizobium root nodules; inoculate seed in fields new to soybean.,No treatment needed. Continue routine scouting.,Not required.,Not required.,No disease detected.
Squash___Powdery_mildew,Squash,Fungal,Avoid excess nitrogen; otherwise fertilize according to a soil test.,Plant resistant varieties; space plants for airflow; remove heavily infected leaves.,"Sulfur, potassium bicarbonate or neem oil sprays at the first sign of disease (sulfur can injure plants in hot weather).",Myclobutanil or trifloxystrobin at the first sign of disease.,Caused by Podosphaera xanthii.
Strawberry___Leaf_scorch,Strawberry,Fungal,Fertilize according to a soil test; avoid excess nitrogen.,Remove infected leaves; renovate beds after harvest; use drip irrigation; plant resistant varieties.,Sanitation (removing infected leaves and old foliage) is the main organic control.,Captan or myclobutanil.,Caused by Diplocarpon earlianum.
Strawberry___healthy,Strawberry,Healthy,Balanced fertilizer; light nitrogen after renovation.,No treatment needed. Continue routine monitoring.,Not required.,Not required.,No disease detected.
Tomato___Bacterial_spot,Tomato,Bacterial,Fertilize according to a soil test with adequate calcium and potassium; avoid excess nitrogen.,Remove badly infected plants; use disease-free seed and transplants; rotate crops; avoid overhead irrigation.,Copper sprays.,Copper hydroxide combined with mancozeb.,"Caused by Xanthomonas spp. Copper-resistant strains are common in some areas, which reduces the effect of copper sprays."
Tomato___Early_blight,Tomato,Fungal,Keep nitrogen and potassium balanced; avoid nutrient stress.,Remove lower infected leaves; rotate crops; mulch to prevent soil splash; stake plants.,Copper-based fungicide.,Chlorothalonil or mancozeb; azoxystrobin under heavy disease pressure.,Caused by Alternaria solani.
Tomato___Late_blight,Tomato,Oomycete,Fertilize according to a soil test; avoid excess nitrogen.,Remove and destroy infected plants; avoid overhead irrigation; destroy volunteer plants.,Copper-based fungicide as a protectant.,"Protectant mancozeb or chlorothalonil; on an outbreak, products such as cymoxanil or metalaxyl-M combinations.","Caused by Phytophthora infestans, which can spread rapidly in cool, wet weather."
Tomato___Leaf_Mold,Tomato,Fungal,Fertilize according to a soil test.,"Reduce humidity and improve ventilation, especially in greenhouses; remove infected leaves; use resistant varieties.",Copper-based fungicide.,Chlorothalonil or mancozeb.,Caused by Passalora fulva (Cladosporium fulvum); favoured by high humidity.
Tomato___Septoria_leaf_spot,Tomato,Fungal,Fertilize according to a soil test.,Remove lower infected leaves; rotate crops; mulch; avoid wetting the foliage.,Copper-based fungicide.,Chlorothalonil or mancozeb.,Caused by Septoria lycopersici.
Tomato___Spider_mites Two-spotted_spider_mite,Tomato,Pest (mite),"Avoid excess nitrogen, which can favour mite populations.","Keep plants well watered (mites thrive in hot, dry conditions); remove heavily infested leaves.",Insecticidal soap or neem oil; release predatory mites (Phytoseiulus persimilis).,A miticide such as abamectin or spiromesifen; rotate modes of action to slow resistance.,"Two-spotted spider mite (Tetranychus urticae), a pest rather than a disease. Broad-spectrum insecticides can make outbreaks worse by killing natural predators."
Tomato___Target_Spot,Tomato,Fungal,Fertilize according to a soil test.,Improve airflow; remove crop debris; rotate crops.,Copper-based fungicide may give partial control; sanitation is the main non-chemical measure.,Chlorothalonil or azoxystrobin.,Caused by Corynespora cassiicola.
Tomato___Tomato_Yellow_Leaf_Curl_Virus,Tomato,Viral,Balanced fertilizer to maintain plant vigour; fertilizer does not cure the virus.,No cure. Remove and destroy infected plants; use resistant varieties; protect nurseries with insect-proof netting.,"Yellow sticky traps, reflective mulch and neem oil against whiteflies.",No cure. Control the whitefly vector with insecticides such as imidacloprid or pyriproxyfen.,"Tomato yellow leaf curl virus, spread by the whitefly Bemisia tabaci."
Tomato___Tomato_mosaic_virus,Tomato,Viral,Balanced fertilizer to maintain plant vigour; fertilizer does not cure the virus.,No cure. Remove and destroy infected plants; disinfect tools and wash hands; use resistant varieties and certified seed.,Sanitation: remove infected plants and disinfect tools and hands.,No chemical cure.,"Tomato mosaic virus spreads by contact (hands, tools) and through infected seed."
Tomato___healthy,Tomato,Healthy,Fertilize according to a soil test; adequate calcium and even watering help prevent blossom-end rot.,No treatment needed. Continue routine monitoring.,Not required.,Not required.,No disease detected.
