epoch,accuracy,learning_rate,loss,top3,val_accuracy,val_loss,val_top3

0,0.8552737832069397,0.0010000000474974513,0.47898510098457336,0.9579474925994873,0.9285445213317871,0.22588524222373962,0.9896304607391357

1,0.9194567203521729,0.0010000000474974513,0.23604831099510193,0.9895046949386597,0.9315611124038696,0.19463346898555756,0.9926470518112183

2,0.9297383427619934,0.0010000000474974513,0.20320992171764374,0.9928764700889587,0.9257164597511292,0.22860807180404663,0.9896304607391357

3,0.9426319003105164,0.0010000000474974513,0.16697803139686584,0.9950372576713562,0.9421191811561584,0.1722612977027893,0.9949095249176025

4,0.9449114203453064,0.0010000000474974513,0.16166694462299347,0.9948235750198364,0.9255279302597046,0.2317563146352768,0.9915158152580261

